{"mwaddrkey":"","wap_android360_fontsize":"12","isA11yConfigEnabled":false,"watchos_notificationcentericon_42":"","wap_android440_fontsize":"12","apppackagekey":"","nativeContainerProperties":{"isEnableJSContainerAndroid":false,"isModified":true,"isEnableJSContaineriOS":false,"isEnableJSContainer":false},"wap_android400_fontsize":"12","wap_spaandroidtabhdpi_fontsize":"12","appversionkey":"1.0.0","watchos_longlooknotificationicon_38":"","project.type":"js","startupformkey":"frm1","wap_bb480_fontsize":"12","wap_winphone480_fontsize":"12","wap_android640_fontsize":"12","vendornamekey":"KonyLabs","wap_android320_fontsize":"12","createdgaversion":"7.0.0","watchos_notificationcentericon_38":"","enableactionbar":false,"watchos_shortlooknotificationicon_42":"","wap_android480_fontsize":"12","wap_winphone320_fontsize":"12","watchos_longlooknotificationicon_42":"","appmenu":{"tablet":{"data":[{"windows8":{"appBarButtonStyle":"No Style","position":"BOTTOM_LEFT"},"android":{"showAsFlag":0},"kuid":"17e2a42b0bd24053b445935317d21cb9","icon":{"default":"option1.png"},"id":"appmenuitemid1","title":"Item 1"},{"windows8":{"appBarButtonStyle":"No Style","position":"BOTTOM_LEFT"},"android":{"showAsFlag":0},"kuid":"79516f86dcbe43dc822ded27c4827c70","icon":{"default":"option2.png"},"id":"appmenuitemid2","title":"Item 2"},{"windows8":{"appBarButtonStyle":"No Style","position":"BOTTOM_LEFT"},"android":{"showAsFlag":0},"kuid":"b18ddf57b0d64da5b84baaa5c93ce1f8","icon":{"default":"option3.png"},"id":"appmenuitemid3","title":"Item 3"},{"windows8":{"appBarButtonStyle":"No Style","position":"BOTTOM_LEFT"},"android":{"showAsFlag":0},"kuid":"0d80775198814ea1af164a148e897147","icon":{"default":"option4.png"},"id":"appmenuitemid4","title":"Item 4"}]},"desktop":{"data":[{"kuid":"a355fc3e6b8941f9b5e11406b26e44f2","icon":{"default":"option1.png"},"id":"appmenuitemid1","title":"Item 1"},{"kuid":"f22299beec4a47e1a1d77478488a8861","icon":{"default":"option2.png"},"id":"appmenuitemid2","title":"Item 2"},{"kuid":"b7fb199fb5e24a7ab403edb1eff6def6","icon":{"default":"option3.png"},"id":"appmenuitemid3","title":"Item 3"},{"kuid":"f5961cde17b54c6c8a7cc6d51349af1c","icon":{"default":"option4.png"},"id":"appmenuitemid4","title":"Item 4"}]},"focusskin":null,"osVersion":"iOS7","wType":"Appmenu","focusSkin":null,"mobile":{"data":[{"android":{"showAsFlag":0},"kuid":"93448cc3ad8f43f3b0172ca5a9c3ab94","icon":{"default":"option1.png"},"id":"appmenuitemid1","title":"Item 1"},{"android":{"showAsFlag":0},"kuid":"dbd7438ce6244fc6afffd03fdf3d8779","icon":{"default":"option2.png"},"id":"appmenuitemid2","title":"Item 2"},{"android":{"showAsFlag":0},"kuid":"b62fd0c1564a46be837acd8cb27da4d3","icon":{"default":"option3.png"},"id":"appmenuitemid3","title":"Item 3"},{"android":{"showAsFlag":0},"kuid":"eeb5d6e3f7b14f509d2df6811c52dadc","icon":{"default":"option4.png"},"id":"appmenuitemid4","title":"Item 4"}]},"skin":null,"osPlatform":""},"wap_spaipad_fontsize":"12","mwportkey":"","mwhttpsportkey":"","wap_bb440_fontsize":"12","wap_bb400_fontsize":"12","appidkey":"materialResponse","statusBarHidden":"false","wap_bb360_fontsize":"12","export.type":"studioviz","isNewAppWithRespectToAndroidPackageName":"","wap_spawindowstab_fontsize":"12","defaulttheme":"defaultTheme","watchos_shortlooknotificationicon_38":"","appaddrkey":"","appnamekey":"materialResponse","currentgaversion":"7.3.0","wap_bb320_fontsize":"12","wap_bb240_fontsize":"12","desktopwebbasefontsize":"12","wap_android240_fontsize":"12","wap_spaandroidtabldpi_fontsize":"12","wap_spaandroidtabmdpi_fontsize":"12","konyVizVersion":"7.3.0","wap_spaandroidtab_fontsize":"12","winmobileguidkey":"","APPLICATION_THEME":"default","build":"debug","project_version":"sprint27","wap_ip_fontsize":"12","category":"app","createdVizVersion":"7.0.0"}