{
    "@class": "com.kony.gen.viz.model.component.KVizImage2",
    "DNDConfig": null,
    "__parentReadjusting__": false,
    "_base64_": null,
    "_height_": {
        "type": "string",
        "value": "25%"
    },
    "_left_": {
        "type": "number",
        "value": "0"
    },
    "_margin_": [
        0,
        0,
        0,
        0
    ],
    "_padding_": [
        0,
        0,
        0,
        0
    ],
    "_skin_": "s1c940fcedb44ff0a716ab99b2e8fda0",
    "_src_": "c.png",
    "_top_": {
        "type": "number",
        "value": "0"
    },
    "_width_": {
        "type": "string",
        "value": "50%"
    },
    "canUpdateUI": true,
    "centerx": {
        "type": "string",
        "value": "25%"
    },
    "centery": {
        "type": "string",
        "value": "37.50%"
    },
    "containerweight": 100,
    "context": {
        "channel": "mobile",
        "formID": "frm1",
        "platform": "iphone",
        "templateType": "forms",
        "topLevelBox": null
    },
    "id": "image3",
    "ide_onTouchStart": "AS_Image_56763c4c4d09463aa16aef77826fb176",
    "imagescalemode": 0,
    "info": null,
    "invokedProperty": "src",
    "isvisible": true,
    "kuid": "e976b43be42544d8a3184eeb26a84367",
    "name": "kony.ui.Image2",
    "ontouchstart": "AS_Image_56763c4c4d09463aa16aef77826fb176",
    "parent": "frm1",
    "pf": "frm1",
    "srcType": 1,
    "wType": "Image",
    "widgetalignment": 5
}