{
    "AS_Image_55408b4ac8124dd8b2a08d024ebcd690": {
        "id": "AS_Image_55408b4ac8124dd8b2a08d024ebcd690",
        "type": "ACTION_SEQUENCE",
        "params": [{
            "datatype": "collection",
            "name": "eventobject"
        }, {
            "datatype": "string",
            "name": "x"
        }, {
            "datatype": "string",
            "name": "y"
        }],
        "contextObj": {
            "name": "frm1",
            "type": "forms",
            "platform": "",
            "KUID": "294d3c8db02f41bf984783e9dc7176ca"
        },
        "language": "js",
        "actions": [{
            "id": "INVOKE_FUNCTION___8bf4d550940247138fe7d21d04f7bac4",
            "type": "INVOKE_FUNCTION",
            "sequenceKUID": "materialResponse",
            "display": "materialResponse",
            "inputparams": [{
                "name": "currentWidget",
                "value": " eventobject.id"
            }, {
                "name": "x",
                "value": " x"
            }, {
                "name": "y",
                "value": " y"
            }],
            "parentId": null,
            "callbackType": null
        }]
    }
}